<resources>
    <color name="md_theme_primary">#575992</color>
    <color name="md_theme_onPrimary">#FFFFFF</color>
    <color name="md_theme_primaryContainer">#E1E0FF</color>
    <color name="md_theme_onPrimaryContainer">#12144B</color>
    <color name="md_theme_secondary">#3D5F90</color>
    <color name="md_theme_onSecondary">#FFFFFF</color>
    <color name="md_theme_secondaryContainer">#D4E3FF</color>
    <color name="md_theme_onSecondaryContainer">#001C3A</color>
    <color name="md_theme_tertiary">#606219</color>
    <color name="md_theme_onTertiary">#FFFFFF</color>
    <color name="md_theme_tertiaryContainer">#E7E790</color>
    <color name="md_theme_onTertiaryContainer">#1C1D00</color>
    <color name="md_theme_error">#BA1A1A</color>
    <color name="md_theme_onError">#FFFFFF</color>
    <color name="md_theme_errorContainer">#FFDAD6</color>
    <color name="md_theme_onErrorContainer">#410002</color>
    <color name="md_theme_background">#FCF8FF</color>
    <color name="md_theme_onBackground">#1B1B21</color>
    <color name="md_theme_surface">#FCF8FF</color>
    <color name="md_theme_onSurface">#1B1B21</color>
    <color name="md_theme_surfaceVariant">#E4E1EC</color>
    <color name="md_theme_onSurfaceVariant">#46464F</color>
    <color name="md_theme_outline">#777680</color>
    <color name="md_theme_outlineVariant">#C7C5D0</color>
    <color name="md_theme_scrim">#000000</color>
    <color name="md_theme_inverseSurface">#303036</color>
    <color name="md_theme_inverseOnSurface">#F3EFF7</color>
    <color name="md_theme_inversePrimary">#C0C1FF</color>
    <color name="md_theme_primaryFixed">#E1E0FF</color>
    <color name="md_theme_onPrimaryFixed">#12144B</color>
    <color name="md_theme_primaryFixedDim">#C0C1FF</color>
    <color name="md_theme_onPrimaryFixedVariant">#3F4178</color>
    <color name="md_theme_secondaryFixed">#D4E3FF</color>
    <color name="md_theme_onSecondaryFixed">#001C3A</color>
    <color name="md_theme_secondaryFixedDim">#A6C8FF</color>
    <color name="md_theme_onSecondaryFixedVariant">#224876</color>
    <color name="md_theme_tertiaryFixed">#E7E790</color>
    <color name="md_theme_onTertiaryFixed">#1C1D00</color>
    <color name="md_theme_tertiaryFixedDim">#CACB77</color>
    <color name="md_theme_onTertiaryFixedVariant">#484A00</color>
    <color name="md_theme_surfaceDim">#DCD9E0</color>
    <color name="md_theme_surfaceBright">#FCF8FF</color>
    <color name="md_theme_surfaceContainerLowest">#FFFFFF</color>
    <color name="md_theme_surfaceContainerLow">#F6F2FA</color>
    <color name="md_theme_surfaceContainer">#F0ECF4</color>
    <color name="md_theme_surfaceContainerHigh">#EAE7EF</color>
    <color name="md_theme_surfaceContainerHighest">#E4E1E9</color>
    <color name="md_theme_primary_mediumContrast">#3B3D74</color>
    <color name="md_theme_onPrimary_mediumContrast">#FFFFFF</color>
    <color name="md_theme_primaryContainer_mediumContrast">#6D6FAA</color>
    <color name="md_theme_onPrimaryContainer_mediumContrast">#FFFFFF</color>
    <color name="md_theme_secondary_mediumContrast">#1D4472</color>
    <color name="md_theme_onSecondary_mediumContrast">#FFFFFF</color>
    <color name="md_theme_secondaryContainer_mediumContrast">#5476A8</color>
    <color name="md_theme_onSecondaryContainer_mediumContrast">#FFFFFF</color>
    <color name="md_theme_tertiary_mediumContrast">#444600</color>
    <color name="md_theme_onTertiary_mediumContrast">#FFFFFF</color>
    <color name="md_theme_tertiaryContainer_mediumContrast">#77782E</color>
    <color name="md_theme_onTertiaryContainer_mediumContrast">#FFFFFF</color>
    <color name="md_theme_error_mediumContrast">#8C0009</color>
    <color name="md_theme_onError_mediumContrast">#FFFFFF</color>
    <color name="md_theme_errorContainer_mediumContrast">#DA342E</color>
    <color name="md_theme_onErrorContainer_mediumContrast">#FFFFFF</color>
    <color name="md_theme_background_mediumContrast">#FCF8FF</color>
    <color name="md_theme_onBackground_mediumContrast">#1B1B21</color>
    <color name="md_theme_surface_mediumContrast">#FCF8FF</color>
    <color name="md_theme_onSurface_mediumContrast">#1B1B21</color>
    <color name="md_theme_surfaceVariant_mediumContrast">#E4E1EC</color>
    <color name="md_theme_onSurfaceVariant_mediumContrast">#42424B</color>
    <color name="md_theme_outline_mediumContrast">#5F5E67</color>
    <color name="md_theme_outlineVariant_mediumContrast">#7B7A83</color>
    <color name="md_theme_scrim_mediumContrast">#000000</color>
    <color name="md_theme_inverseSurface_mediumContrast">#303036</color>
    <color name="md_theme_inverseOnSurface_mediumContrast">#F3EFF7</color>
    <color name="md_theme_inversePrimary_mediumContrast">#C0C1FF</color>
    <color name="md_theme_primaryFixed_mediumContrast">#6D6FAA</color>
    <color name="md_theme_onPrimaryFixed_mediumContrast">#FFFFFF</color>
    <color name="md_theme_primaryFixedDim_mediumContrast">#54578F</color>
    <color name="md_theme_onPrimaryFixedVariant_mediumContrast">#FFFFFF</color>
    <color name="md_theme_secondaryFixed_mediumContrast">#5476A8</color>
    <color name="md_theme_onSecondaryFixed_mediumContrast">#FFFFFF</color>
    <color name="md_theme_secondaryFixedDim_mediumContrast">#3A5D8D</color>
    <color name="md_theme_onSecondaryFixedVariant_mediumContrast">#FFFFFF</color>
    <color name="md_theme_tertiaryFixed_mediumContrast">#77782E</color>
    <color name="md_theme_onTertiaryFixed_mediumContrast">#FFFFFF</color>
    <color name="md_theme_tertiaryFixedDim_mediumContrast">#5E5F16</color>
    <color name="md_theme_onTertiaryFixedVariant_mediumContrast">#FFFFFF</color>
    <color name="md_theme_surfaceDim_mediumContrast">#DCD9E0</color>
    <color name="md_theme_surfaceBright_mediumContrast">#FCF8FF</color>
    <color name="md_theme_surfaceContainerLowest_mediumContrast">#FFFFFF</color>
    <color name="md_theme_surfaceContainerLow_mediumContrast">#F6F2FA</color>
    <color name="md_theme_surfaceContainer_mediumContrast">#F0ECF4</color>
    <color name="md_theme_surfaceContainerHigh_mediumContrast">#EAE7EF</color>
    <color name="md_theme_surfaceContainerHighest_mediumContrast">#E4E1E9</color>
    <color name="md_theme_primary_highContrast">#1A1B51</color>
    <color name="md_theme_onPrimary_highContrast">#FFFFFF</color>
    <color name="md_theme_primaryContainer_highContrast">#3B3D74</color>
    <color name="md_theme_onPrimaryContainer_highContrast">#FFFFFF</color>
    <color name="md_theme_secondary_highContrast">#002246</color>
    <color name="md_theme_onSecondary_highContrast">#FFFFFF</color>
    <color name="md_theme_secondaryContainer_highContrast">#1D4472</color>
    <color name="md_theme_onSecondaryContainer_highContrast">#FFFFFF</color>
    <color name="md_theme_tertiary_highContrast">#232400</color>
    <color name="md_theme_onTertiary_highContrast">#FFFFFF</color>
    <color name="md_theme_tertiaryContainer_highContrast">#444600</color>
    <color name="md_theme_onTertiaryContainer_highContrast">#FFFFFF</color>
    <color name="md_theme_error_highContrast">#4E0002</color>
    <color name="md_theme_onError_highContrast">#FFFFFF</color>
    <color name="md_theme_errorContainer_highContrast">#8C0009</color>
    <color name="md_theme_onErrorContainer_highContrast">#FFFFFF</color>
    <color name="md_theme_background_highContrast">#FCF8FF</color>
    <color name="md_theme_onBackground_highContrast">#1B1B21</color>
    <color name="md_theme_surface_highContrast">#FCF8FF</color>
    <color name="md_theme_onSurface_highContrast">#000000</color>
    <color name="md_theme_surfaceVariant_highContrast">#E4E1EC</color>
    <color name="md_theme_onSurfaceVariant_highContrast">#23232B</color>
    <color name="md_theme_outline_highContrast">#42424B</color>
    <color name="md_theme_outlineVariant_highContrast">#42424B</color>
    <color name="md_theme_scrim_highContrast">#000000</color>
    <color name="md_theme_inverseSurface_highContrast">#303036</color>
    <color name="md_theme_inverseOnSurface_highContrast">#FFFFFF</color>
    <color name="md_theme_inversePrimary_highContrast">#ECEAFF</color>
    <color name="md_theme_primaryFixed_highContrast">#3B3D74</color>
    <color name="md_theme_onPrimaryFixed_highContrast">#FFFFFF</color>
    <color name="md_theme_primaryFixedDim_highContrast">#25275C</color>
    <color name="md_theme_onPrimaryFixedVariant_highContrast">#FFFFFF</color>
    <color name="md_theme_secondaryFixed_highContrast">#1D4472</color>
    <color name="md_theme_onSecondaryFixed_highContrast">#FFFFFF</color>
    <color name="md_theme_secondaryFixedDim_highContrast">#002D58</color>
    <color name="md_theme_onSecondaryFixedVariant_highContrast">#FFFFFF</color>
    <color name="md_theme_tertiaryFixed_highContrast">#444600</color>
    <color name="md_theme_onTertiaryFixed_highContrast">#FFFFFF</color>
    <color name="md_theme_tertiaryFixedDim_highContrast">#2E2F00</color>
    <color name="md_theme_onTertiaryFixedVariant_highContrast">#FFFFFF</color>
    <color name="md_theme_surfaceDim_highContrast">#DCD9E0</color>
    <color name="md_theme_surfaceBright_highContrast">#FCF8FF</color>
    <color name="md_theme_surfaceContainerLowest_highContrast">#FFFFFF</color>
    <color name="md_theme_surfaceContainerLow_highContrast">#F6F2FA</color>
    <color name="md_theme_surfaceContainer_highContrast">#F0ECF4</color>
    <color name="md_theme_surfaceContainerHigh_highContrast">#EAE7EF</color>
    <color name="md_theme_surfaceContainerHighest_highContrast">#E4E1E9</color>
</resources>
